feature,importance
TimeOnSite,0.2972222222222222
VisitsLast30Days,0.07708333333333336
HasSupportTicket,0.03194444444444446
PurchaseCount,0.010416666666666682
